{
    "models": {
        "Logistic Regression": {
            "name": "Logistic Regression",
            "Accuracy": 0.6682851039036706,
            "Precision": 0.6624040920716112,
            "Recall": 0.6644957568581015,
            "F1-Score": 0.663448275862069,
            "auc": 0.7289,
            "confusion_matrix": [
                [
                    3515,
                    1716
                ],
                [
                    1700,
                    3367
                ]
            ],
            "TP (Correct Blue)": 3515,
            "FN (Wrong Red)": 1716,
            "FP (Wrong Blue)": 1700,
            "TN (Correct Red)": 3367
        },
        "Naive Bayes": {
            "name": "Naive Bayes",
            "Accuracy": 0.634006603223927,
            "Precision": 0.6258727695888285,
            "Recall": 0.6368659956581804,
            "F1-Score": 0.6313215298835958,
            "auc": 0.6844,
            "confusion_matrix": [
                [
                    3302,
                    1929
                ],
                [
                    1840,
                    3227
                ]
            ],
            "TP (Correct Blue)": 3302,
            "FN (Wrong Red)": 1929,
            "FP (Wrong Blue)": 1840,
            "TN (Correct Red)": 3227
        },
        "K-Nearest Neighbors": {
            "name": "K-Nearest Neighbors",
            "Accuracy": 0.5902116915906002,
            "Precision": 0.58331693881566,
            "Recall": 0.5851588711268996,
            "F1-Score": 0.5842364532019705,
            "auc": 0.627,
            "confusion_matrix": [
                [
                    3113,
                    2118
                ],
                [
                    2102,
                    2965
                ]
            ],
            "TP (Correct Blue)": 3113,
            "FN (Wrong Red)": 2118,
            "FP (Wrong Blue)": 2102,
            "TN (Correct Red)": 2965
        },
        "Random Forest": {
            "name": "Random Forest",
            "Accuracy": 0.6656632355797242,
            "Precision": 0.6597167584579071,
            "Recall": 0.6619301361752516,
            "F1-Score": 0.6608215939316323,
            "auc": 0.7239,
            "confusion_matrix": [
                [
                    3501,
                    1730
                ],
                [
                    1713,
                    3354
                ]
            ],
            "TP (Correct Blue)": 3501,
            "FN (Wrong Red)": 1730,
            "FP (Wrong Blue)": 1713,
            "TN (Correct Red)": 3354
        },
        "Gradient Boosting": {
            "name": "Gradient Boosting",
            "Accuracy": 0.6664400854534861,
            "Precision": 0.6597494126859828,
            "Recall": 0.6650878231695283,
            "F1-Score": 0.6624078624078624,
            "auc": 0.7249,
            "confusion_matrix": [
                [
                    3493,
                    1738
                ],
                [
                    1697,
                    3370
                ]
            ],
            "TP (Correct Blue)": 3493,
            "FN (Wrong Red)": 1738,
            "FP (Wrong Blue)": 1697,
            "TN (Correct Red)": 3370
        },
        "XGBoost": {
            "name": "XGBoost",
            "Accuracy": 0.6713925033987181,
            "Precision": 0.6660090747681988,
            "Recall": 0.6662719557923821,
            "F1-Score": 0.6661404893449092,
            "auc": 0.7287,
            "confusion_matrix": [
                [
                    3538,
                    1693
                ],
                [
                    1691,
                    3376
                ]
            ],
            "TP (Correct Blue)": 3538,
            "FN (Wrong Red)": 1693,
            "FP (Wrong Blue)": 1691,
            "TN (Correct Red)": 3376
        },
        "Deep Learning (ANN)": {
            "name": "Deep Learning (ANN)",
            "Accuracy": 0.5847737424742668,
            "Precision": 0.5964398927090954,
            "Recall": 0.4827313992500493,
            "F1-Score": 0.5335951134380453,
            "auc": 0.6322,
            "confusion_matrix": [
                [
                    3576,
                    1655
                ],
                [
                    2621,
                    2446
                ]
            ],
            "TP (Correct Blue)": 3576,
            "FN (Wrong Red)": 1655,
            "FP (Wrong Blue)": 2621,
            "TN (Correct Red)": 2446
        },
        "Stacking Ensemble": {
            "name": "STACKING ENSEMBLE",
            "Accuracy": 0.6691590600116527,
            "Precision": 0.6631930790405034,
            "Recall": 0.6656798894809552,
            "F1-Score": 0.6644341573919039,
            "auc": 0.7296,
            "confusion_matrix": [
                [
                    3518,
                    1713
                ],
                [
                    1694,
                    3373
                ]
            ],
            "TP (Correct Blue)": 3518,
            "FN (Wrong Red)": 1713,
            "FP (Wrong Blue)": 1694,
            "TN (Correct Red)": 3373
        }
    },
    "roc_data": [
        {
            "fpr": 0.0,
            "LOGISTIC REGRESSION": 0.0,
            "NAIVE BAYES": 0.0,
            "K-NEAREST NEIGHBORS": 0.0,
            "RANDOM FOREST": 0.0,
            "GRADIENT BOOSTING": 0.0,
            "XGBOOST": 0.0,
            "DEEP LEARNING (ANN)": 0.0,
            "STACKING ENSEMBLE": 0.0
        },
        {
            "fpr": 0.05,
            "LOGISTIC REGRESSION": 0.226,
            "NAIVE BAYES": 0.176,
            "K-NEAREST NEIGHBORS": 0.131,
            "RANDOM FOREST": 0.219,
            "GRADIENT BOOSTING": 0.227,
            "XGBOOST": 0.226,
            "DEEP LEARNING (ANN)": 0.138,
            "STACKING ENSEMBLE": 0.221
        },
        {
            "fpr": 0.11,
            "LOGISTIC REGRESSION": 0.337,
            "NAIVE BAYES": 0.288,
            "K-NEAREST NEIGHBORS": 0.22,
            "RANDOM FOREST": 0.335,
            "GRADIENT BOOSTING": 0.345,
            "XGBOOST": 0.342,
            "DEEP LEARNING (ANN)": 0.227,
            "STACKING ENSEMBLE": 0.347
        },
        {
            "fpr": 0.16,
            "LOGISTIC REGRESSION": 0.434,
            "NAIVE BAYES": 0.379,
            "K-NEAREST NEIGHBORS": 0.299,
            "RANDOM FOREST": 0.431,
            "GRADIENT BOOSTING": 0.429,
            "XGBOOST": 0.439,
            "DEEP LEARNING (ANN)": 0.292,
            "STACKING ENSEMBLE": 0.444
        },
        {
            "fpr": 0.21,
            "LOGISTIC REGRESSION": 0.524,
            "NAIVE BAYES": 0.459,
            "K-NEAREST NEIGHBORS": 0.371,
            "RANDOM FOREST": 0.515,
            "GRADIENT BOOSTING": 0.51,
            "XGBOOST": 0.521,
            "DEEP LEARNING (ANN)": 0.364,
            "STACKING ENSEMBLE": 0.52
        },
        {
            "fpr": 0.26,
            "LOGISTIC REGRESSION": 0.596,
            "NAIVE BAYES": 0.518,
            "K-NEAREST NEIGHBORS": 0.429,
            "RANDOM FOREST": 0.581,
            "GRADIENT BOOSTING": 0.583,
            "XGBOOST": 0.594,
            "DEEP LEARNING (ANN)": 0.428,
            "STACKING ENSEMBLE": 0.598
        },
        {
            "fpr": 0.32,
            "LOGISTIC REGRESSION": 0.655,
            "NAIVE BAYES": 0.583,
            "K-NEAREST NEIGHBORS": 0.487,
            "RANDOM FOREST": 0.649,
            "GRADIENT BOOSTING": 0.65,
            "XGBOOST": 0.657,
            "DEEP LEARNING (ANN)": 0.482,
            "STACKING ENSEMBLE": 0.657
        },
        {
            "fpr": 0.37,
            "LOGISTIC REGRESSION": 0.704,
            "NAIVE BAYES": 0.637,
            "K-NEAREST NEIGHBORS": 0.545,
            "RANDOM FOREST": 0.697,
            "GRADIENT BOOSTING": 0.698,
            "XGBOOST": 0.709,